{
    "autoActivate": true,
    "cl_yawspeed": 120.0,
    "leftKey": 65,
    "m_yaw": 0.02199999988079071,
    "modifier": 0.8000000715255737,
    "modifierKey": 32,
    "rightKey": 68,
    "updateRate": 2000.0,
    "windowX": 1685,
    "windowY": 664
}